instance,instance_id,runtime_seconds,best_cost,best_solution,memory_size,n,p,gap_percent,best_known_cost,status,error_message,run_id
pmed1.txt,pmed1,0.007039813999654143,5819.0,"[65, 13, 91, 7, 99]",13,100,5,0.0,5819.0,ok,,1
pmed1.txt,pmed1,0.007524245000240626,5819.0,"[7, 91, 13, 99, 65]",13,100,5,0.0,5819.0,ok,,2
pmed1.txt,pmed1,0.0061221400010254,5819.0,"[13, 91, 7, 65, 99]",13,100,5,0.0,5819.0,ok,,3
pmed1.txt,pmed1,0.007036870001684292,5819.0,"[13, 7, 91, 65, 99]",13,100,5,0.0,5819.0,ok,,4
pmed1.txt,pmed1,0.008100134000414982,5819.0,"[13, 99, 7, 65, 91]",12,100,5,0.0,5819.0,ok,,5
pmed2.txt,pmed2,0.012216154000270762,4093.0,"[12, 95, 67, 45, 41, 37, 6, 8, 99, 58]",18,100,10,0.0,4093.0,ok,,1
pmed2.txt,pmed2,0.013406402998953126,4093.0,"[12, 41, 37, 8, 45, 67, 91, 95, 99, 6]",18,100,10,0.0,4093.0,ok,,2
pmed2.txt,pmed2,0.012309208999795374,4093.0,"[12, 37, 6, 91, 41, 67, 8, 99, 45, 95]",16,100,10,0.0,4093.0,ok,,3
pmed2.txt,pmed2,0.012358149000647245,4093.0,"[37, 12, 95, 6, 67, 91, 8, 45, 41, 99]",19,100,10,0.0,4093.0,ok,,4
pmed2.txt,pmed2,0.01128837000032945,4093.0,"[41, 6, 67, 45, 99, 95, 12, 91, 37, 8]",19,100,10,0.0,4093.0,ok,,5
pmed3.txt,pmed3,0.011792993000199203,4250.0,"[9, 36, 21, 55, 99, 26, 13, 48, 5, 69]",13,100,10,0.0,4250.0,ok,,1
pmed3.txt,pmed3,0.01134156499938399,4250.0,"[9, 48, 99, 26, 55, 36, 69, 5, 13, 21]",20,100,10,0.0,4250.0,ok,,2
pmed3.txt,pmed3,0.012210519998916425,4250.0,"[13, 48, 55, 26, 9, 99, 36, 5, 69, 21]",16,100,10,0.0,4250.0,ok,,3
pmed3.txt,pmed3,0.009935379999660654,4250.0,"[9, 26, 99, 48, 55, 13, 21, 69, 36, 5]",20,100,10,0.0,4250.0,ok,,4
pmed3.txt,pmed3,0.010044704000392812,4250.0,"[9, 36, 13, 48, 99, 55, 26, 69, 5, 21]",14,100,10,0.0,4250.0,ok,,5
pmed4.txt,pmed4,0.015764490999572445,3034.0,"[77, 7, 26, 9, 55, 38, 66, 22, 93, 5, 13, 34, 83, 60, 96, 91, 1, 87, 50, 72]",21,100,20,0.0,3034.0,ok,,1
pmed4.txt,pmed4,0.028567813000336173,3034.0,"[26, 8, 91, 96, 13, 22, 77, 72, 55, 93, 34, 66, 83, 9, 6, 1, 87, 50, 60, 38]",23,100,20,0.0,3034.0,ok,,2
pmed4.txt,pmed4,0.021285630000420497,3034.0,"[9, 34, 26, 87, 66, 22, 96, 13, 8, 5, 72, 60, 38, 77, 91, 83, 93, 1, 50, 55]",23,100,20,0.0,3034.0,ok,,3
pmed4.txt,pmed4,0.01885615399987728,3034.0,"[38, 9, 26, 5, 93, 66, 8, 13, 96, 77, 34, 22, 91, 87, 55, 72, 60, 83, 50, 1]",22,100,20,0.0,3034.0,ok,,4
pmed4.txt,pmed4,0.014936325998860411,3034.0,"[26, 8, 9, 66, 38, 13, 5, 96, 77, 91, 60, 72, 93, 83, 22, 87, 34, 55, 50, 1]",20,100,20,0.0,3034.0,ok,,5
pmed5.txt,pmed5,0.025382951000210596,1355.0,"[19, 38, 58, 75, 70, 85, 30, 1, 28, 36, 14, 37, 53, 33, 25, 4, 94, 41, 95, 65, 51, 81, 7, 88, 69, 9, 55, 97, 82, 91, 26, 49, 73]",24,100,33,0.0,1355.0,ok,,1
pmed5.txt,pmed5,0.02134151700010989,1355.0,"[65, 84, 69, 19, 81, 14, 30, 37, 75, 53, 38, 95, 7, 29, 85, 4, 9, 33, 49, 56, 51, 82, 58, 36, 41, 70, 25, 97, 94, 88, 26, 73, 100]",24,100,33,0.0,1355.0,ok,,2
pmed5.txt,pmed5,0.02191320500060101,1355.0,"[94, 49, 38, 14, 8, 30, 28, 70, 58, 9, 19, 1, 69, 36, 33, 84, 81, 95, 65, 85, 56, 37, 53, 25, 4, 82, 51, 41, 73, 26, 88, 75, 97]",23,100,33,0.0,1355.0,ok,,3
pmed5.txt,pmed5,0.021211413000855828,1355.0,"[14, 84, 49, 8, 41, 9, 69, 38, 95, 58, 75, 97, 1, 36, 4, 30, 56, 19, 70, 29, 85, 37, 81, 53, 82, 94, 88, 25, 33, 51, 73, 26, 66]",24,100,33,0.0,1355.0,ok,,4
pmed5.txt,pmed5,0.023097813998901984,1355.0,"[49, 38, 14, 94, 91, 65, 9, 70, 58, 28, 51, 97, 69, 85, 31, 56, 95, 53, 37, 33, 4, 73, 19, 41, 36, 81, 82, 88, 75, 26, 100, 25, 7]",24,100,33,0.0,1355.0,ok,,5
pmed6.txt,pmed6,0.031276717001674115,7824.0,"[101, 111, 86, 126, 16]",22,200,5,0.0,7824.0,ok,,1
pmed6.txt,pmed6,0.03076831799990032,7824.0,"[111, 16, 126, 101, 86]",22,200,5,0.0,7824.0,ok,,2
pmed6.txt,pmed6,0.031507437999607646,7824.0,"[101, 86, 111, 16, 126]",20,200,5,0.0,7824.0,ok,,3
pmed6.txt,pmed6,0.03382934000001114,7824.0,"[86, 111, 126, 16, 101]",25,200,5,0.0,7824.0,ok,,4
pmed6.txt,pmed6,0.03169570099998964,7824.0,"[111, 101, 86, 126, 16]",23,200,5,0.0,7824.0,ok,,5
pmed7.txt,pmed7,0.05476999199890997,5631.0,"[181, 142, 199, 191, 10, 72, 186, 131, 3, 87]",18,200,10,0.0,5631.0,ok,,1
pmed7.txt,pmed7,0.054406735998782096,5631.0,"[10, 181, 186, 142, 191, 3, 116, 72, 131, 87]",19,200,10,0.0,5631.0,ok,,2
pmed7.txt,pmed7,0.05664185199930216,5631.0,"[181, 10, 199, 3, 142, 191, 72, 186, 131, 87]",17,200,10,0.0,5631.0,ok,,3
pmed7.txt,pmed7,0.05333394100125588,5631.0,"[142, 181, 186, 72, 191, 87, 199, 10, 3, 131]",17,200,10,0.0,5631.0,ok,,4
pmed7.txt,pmed7,0.05723467399911897,5631.0,"[10, 191, 142, 181, 199, 186, 3, 72, 131, 87]",17,200,10,0.0,5631.0,ok,,5
pmed8.txt,pmed8,0.11996775900115608,4445.0,"[199, 154, 83, 119, 133, 127, 66, 139, 167, 76, 42, 194, 70, 146, 96, 104, 114, 179, 130, 117]",35,200,20,0.0,4445.0,ok,,1
pmed8.txt,pmed8,0.1259154840008705,4445.0,"[167, 96, 104, 154, 114, 194, 83, 66, 70, 119, 199, 139, 76, 130, 127, 42, 117, 133, 179, 146]",33,200,20,0.0,4445.0,ok,,2
pmed8.txt,pmed8,0.1124541989993304,4445.0,"[130, 96, 154, 76, 133, 167, 199, 194, 145, 139, 179, 104, 146, 127, 119, 42, 117, 83, 114, 70]",32,200,20,0.0,4445.0,ok,,3
pmed8.txt,pmed8,0.10178624199943442,4445.0,"[114, 76, 130, 167, 119, 96, 154, 70, 194, 199, 133, 127, 117, 83, 146, 42, 104, 179, 139, 145]",31,200,20,0.0,4445.0,ok,,4
pmed8.txt,pmed8,0.09691573900090589,4445.0,"[167, 76, 154, 199, 96, 114, 133, 130, 70, 146, 104, 179, 145, 83, 119, 194, 42, 117, 139, 127]",32,200,20,0.0,4445.0,ok,,5
pmed9.txt,pmed9,0.15829130099882605,2734.0,"[168, 101, 25, 29, 89, 31, 129, 108, 96, 98, 126, 151, 3, 61, 47, 72, 50, 40, 46, 54, 154, 132, 55, 77, 182, 1, 12, 19, 70, 90, 167, 181, 122, 148, 200, 58, 192, 176, 67, 48]",48,200,40,0.0,2734.0,ok,,1
pmed9.txt,pmed9,0.15000341999984812,2734.0,"[67, 155, 70, 101, 61, 3, 96, 55, 98, 182, 31, 29, 77, 168, 91, 151, 108, 25, 12, 148, 122, 19, 125, 47, 132, 181, 1, 192, 54, 72, 126, 40, 200, 58, 89, 176, 48, 178, 129, 50]",48,200,40,0.0,2734.0,ok,,2
pmed9.txt,pmed9,0.18638121699950716,2738.0,"[96, 91, 25, 86, 126, 29, 167, 70, 40, 55, 67, 182, 98, 3, 122, 77, 19, 61, 129, 54, 58, 1, 132, 101, 108, 154, 200, 176, 89, 168, 192, 12, 72, 46, 21, 148, 48, 158, 50, 181]",50,200,40,0.14630577907827358,2734.0,ok,,3
pmed9.txt,pmed9,0.1626480740014813,2737.0,"[122, 168, 90, 167, 81, 89, 101, 129, 182, 55, 98, 54, 70, 132, 200, 25, 148, 131, 96, 58, 126, 3, 181, 143, 151, 29, 108, 176, 40, 19, 12, 1, 48, 50, 77, 155, 31, 46, 72, 192]",48,200,40,0.1097293343087052,2734.0,ok,,4
pmed9.txt,pmed9,0.16415297200001078,2734.0,"[143, 19, 151, 46, 90, 155, 40, 89, 167, 132, 101, 81, 108, 31, 98, 55, 12, 25, 168, 1, 182, 148, 96, 129, 126, 70, 200, 47, 77, 54, 67, 192, 3, 176, 58, 50, 181, 29, 72, 122]",48,200,40,0.0,2734.0,ok,,5
pmed10.txt,pmed10,0.22512498200012487,1255.0,"[151, 129, 119, 183, 85, 58, 137, 51, 144, 145, 174, 68, 148, 114, 193, 48, 172, 4, 199, 41, 61, 44, 42, 55, 31, 138, 123, 98, 135, 49, 112, 187, 3, 141, 15, 59, 75, 43, 191, 47, 168, 158, 166, 104, 35, 80, 64, 146, 108, 39, 97, 133, 131, 176, 12, 128, 152, 124, 180, 24, 65, 69, 19, 156, 200, 17, 81]",48,200,67,0.0,1255.0,ok,,1
pmed10.txt,pmed10,0.22838078199856682,1255.0,"[183, 75, 64, 158, 44, 191, 145, 68, 144, 35, 80, 15, 175, 135, 148, 41, 50, 199, 156, 17, 85, 93, 108, 47, 180, 81, 59, 112, 3, 123, 193, 61, 114, 131, 133, 166, 31, 97, 174, 121, 43, 119, 152, 42, 141, 24, 128, 106, 147, 110, 39, 69, 55, 124, 137, 129, 12, 19, 168, 104, 172, 76, 151, 4, 200, 98, 58]",52,200,67,0.0,1255.0,ok,,2
pmed10.txt,pmed10,0.2563718119999976,1256.0,"[175, 80, 137, 158, 183, 145, 106, 119, 17, 151, 41, 64, 68, 43, 104, 146, 129, 3, 48, 40, 148, 180, 138, 55, 156, 152, 44, 81, 49, 199, 114, 42, 143, 123, 133, 166, 193, 131, 65, 82, 59, 168, 191, 75, 58, 98, 125, 112, 108, 97, 31, 200, 66, 4, 35, 121, 69, 85, 135, 47, 172, 144, 174, 141, 19, 128, 24]",53,200,67,0.0796812749003984,1255.0,ok,,3
pmed10.txt,pmed10,0.251738414999636,1255.0,"[137, 152, 80, 138, 176, 158, 168, 196, 144, 145, 85, 17, 141, 187, 183, 39, 59, 43, 68, 104, 148, 3, 193, 75, 199, 44, 55, 129, 156, 131, 180, 42, 64, 72, 123, 133, 135, 65, 58, 112, 166, 35, 61, 97, 41, 146, 191, 47, 81, 12, 15, 51, 24, 119, 4, 19, 128, 69, 200, 124, 48, 31, 172, 114, 49, 151, 108]",56,200,67,0.0,1255.0,ok,,4
pmed10.txt,pmed10,0.23676142600015737,1255.0,"[151, 104, 51, 137, 158, 129, 145, 152, 144, 141, 148, 68, 172, 135, 43, 48, 35, 81, 131, 180, 106, 47, 49, 119, 3, 58, 183, 174, 65, 31, 193, 42, 124, 133, 123, 24, 112, 114, 146, 80, 97, 108, 39, 191, 200, 4, 64, 12, 69, 50, 75, 98, 168, 199, 19, 85, 44, 128, 66, 55, 17, 143, 156, 121, 59, 166, 41]",54,200,67,0.0,1255.0,ok,,5
pmed11.txt,pmed11,0.12148507900019467,7696.0,"[98, 201, 31, 167, 24]",38,300,5,0.0,7696.0,ok,,1
pmed11.txt,pmed11,0.09521221000068181,7696.0,"[98, 201, 167, 24, 31]",35,300,5,0.0,7696.0,ok,,2
pmed11.txt,pmed11,0.09337940499972319,7696.0,"[98, 201, 167, 24, 31]",36,300,5,0.0,7696.0,ok,,3
pmed11.txt,pmed11,0.0973147290005727,7696.0,"[98, 167, 201, 24, 31]",36,300,5,0.0,7696.0,ok,,4
pmed11.txt,pmed11,0.10782988000028126,7696.0,"[98, 201, 167, 24, 31]",38,300,5,0.0,7696.0,ok,,5
pmed12.txt,pmed12,0.16262963799999852,6634.0,"[169, 172, 44, 217, 84, 294, 174, 3, 139, 6]",19,300,10,0.0,6634.0,ok,,1
pmed12.txt,pmed12,0.1673265059998812,6634.0,"[174, 6, 44, 139, 217, 84, 294, 172, 169, 3]",18,300,10,0.0,6634.0,ok,,2
pmed12.txt,pmed12,0.16179610400104139,6634.0,"[169, 217, 6, 44, 139, 84, 174, 294, 172, 3]",19,300,10,0.0,6634.0,ok,,3
pmed12.txt,pmed12,0.15894975800074462,6634.0,"[174, 217, 44, 169, 139, 84, 172, 294, 6, 3]",17,300,10,0.0,6634.0,ok,,4
pmed12.txt,pmed12,0.16531607800061465,6634.0,"[169, 217, 174, 139, 84, 44, 6, 294, 172, 3]",18,300,10,0.0,6634.0,ok,,5
pmed13.txt,pmed13,0.5074973350001528,4374.0,"[55, 93, 132, 161, 252, 63, 180, 124, 271, 232, 49, 207, 76, 147, 218, 143, 208, 108, 13, 2, 39, 41, 27, 6, 189, 30, 17, 84, 249, 151]",45,300,30,0.0,4374.0,ok,,1
pmed13.txt,pmed13,0.47673189800116234,4374.0,"[218, 271, 147, 132, 6, 180, 27, 208, 151, 41, 249, 189, 161, 63, 252, 108, 93, 13, 207, 84, 49, 2, 30, 39, 124, 76, 143, 232, 55, 17]",35,300,30,0.0,4374.0,ok,,2
pmed13.txt,pmed13,0.4545556459997897,4374.0,"[63, 271, 151, 27, 132, 84, 41, 252, 76, 30, 55, 161, 106, 6, 143, 2, 17, 207, 93, 147, 218, 13, 208, 189, 49, 232, 108, 124, 39, 249]",39,300,30,0.0,4374.0,ok,,3
pmed13.txt,pmed13,0.466895804998785,4374.0,"[271, 252, 132, 27, 63, 207, 189, 6, 161, 218, 249, 17, 84, 2, 41, 151, 147, 13, 143, 124, 39, 76, 108, 232, 106, 93, 49, 30, 55, 208]",38,300,30,0.0,4374.0,ok,,4
pmed13.txt,pmed13,0.474258007001481,4374.0,"[55, 271, 151, 208, 207, 252, 93, 106, 218, 108, 17, 30, 161, 2, 143, 49, 249, 232, 147, 41, 63, 189, 6, 27, 124, 39, 13, 84, 132, 76]",42,300,30,0.0,4374.0,ok,,5
pmed14.txt,pmed14,1.0618735129992274,2968.0,"[160, 156, 49, 61, 175, 161, 77, 164, 292, 22, 209, 102, 80, 38, 122, 228, 168, 279, 15, 137, 111, 7, 14, 176, 215, 107, 116, 133, 83, 203, 142, 171, 129, 187, 285, 64, 157, 193, 208, 278, 79, 154, 13, 169, 18, 212, 253, 1, 36, 112, 72, 124, 205, 227, 300, 23, 60, 259, 159, 127]",93,300,60,0.0,2968.0,ok,,1
pmed14.txt,pmed14,1.1041369189988472,2968.0,"[129, 127, 83, 49, 154, 18, 193, 156, 22, 203, 116, 112, 107, 13, 60, 142, 80, 140, 50, 64, 77, 215, 158, 279, 187, 171, 15, 228, 176, 164, 300, 278, 209, 7, 160, 124, 24, 175, 133, 227, 157, 79, 253, 102, 1, 285, 72, 36, 208, 169, 205, 259, 159, 61, 168, 14, 212, 292, 137, 161]",98,300,60,0.0,2968.0,ok,,2
pmed14.txt,pmed14,1.0714753480006038,2968.0,"[161, 227, 83, 80, 154, 156, 279, 208, 187, 61, 158, 193, 77, 140, 64, 171, 127, 169, 50, 49, 168, 14, 22, 13, 124, 18, 102, 160, 278, 212, 137, 116, 15, 157, 292, 164, 215, 72, 112, 209, 107, 253, 203, 7, 175, 133, 1, 142, 285, 79, 176, 23, 36, 205, 300, 228, 60, 159, 129, 259]",91,300,60,0.0,2968.0,ok,,3
pmed14.txt,pmed14,1.0704033470010472,2969.0,"[135, 227, 77, 15, 279, 64, 160, 107, 116, 22, 137, 228, 127, 83, 278, 193, 13, 168, 41, 129, 175, 80, 18, 176, 1, 203, 210, 292, 112, 159, 253, 169, 36, 215, 38, 79, 140, 156, 209, 157, 23, 299, 133, 61, 285, 205, 142, 187, 254, 122, 124, 14, 154, 259, 102, 60, 171, 121, 130, 49]",90,300,60,0.03369272237196765,2968.0,ok,,4
pmed14.txt,pmed14,0.9052480419995845,2968.0,"[278, 187, 13, 112, 164, 77, 227, 61, 279, 129, 18, 22, 15, 111, 124, 83, 60, 175, 168, 292, 127, 228, 102, 64, 122, 176, 49, 299, 14, 215, 154, 209, 79, 38, 203, 107, 137, 7, 142, 253, 156, 157, 72, 80, 23, 159, 1, 285, 171, 36, 133, 160, 116, 169, 193, 254, 205, 161, 259, 212]",82,300,60,0.0,2968.0,ok,,5
pmed15.txt,pmed15,1.5195091219993628,1732.0,"[43, 204, 45, 99, 168, 27, 73, 241, 29, 95, 276, 228, 38, 179, 87, 268, 11, 189, 133, 101, 272, 8, 213, 199, 212, 1, 149, 77, 174, 79, 92, 51, 284, 209, 24, 69, 157, 7, 18, 160, 162, 177, 192, 65, 216, 61, 236, 244, 23, 46, 105, 215, 248, 142, 255, 4, 274, 231, 226, 256, 49, 265, 258, 138, 175, 161, 158, 166, 141, 126, 5, 214, 132, 32, 203, 243, 106, 270, 273, 254, 296, 246, 145, 220, 66, 202, 205, 134, 15, 197, 37, 294, 185, 17, 135, 62, 187, 146, 59, 81]",102,300,100,0.1735106998264893,1729.0,ok,,1
pmed15.txt,pmed15,1.5322670940004173,1730.0,"[171, 15, 29, 265, 199, 203, 43, 255, 57, 179, 241, 77, 296, 146, 27, 49, 243, 228, 36, 69, 87, 141, 212, 7, 92, 45, 276, 220, 294, 66, 24, 106, 142, 38, 213, 11, 61, 216, 157, 18, 244, 248, 209, 52, 32, 132, 166, 174, 202, 215, 226, 270, 105, 1, 81, 236, 158, 23, 177, 134, 231, 5, 133, 272, 101, 138, 161, 99, 145, 4, 205, 193, 189, 251, 160, 10, 246, 79, 62, 156, 258, 135, 238, 195, 37, 22, 254, 8, 65, 126, 175, 67, 162, 46, 17, 72, 73, 274, 59, 168]",109,300,100,0.0578368999421631,1729.0,ok,,2
pmed15.txt,pmed15,1.3826034459998482,1734.0,"[265, 162, 272, 199, 214, 243, 294, 204, 22, 255, 11, 19, 95, 142, 189, 1, 213, 38, 51, 32, 87, 36, 141, 17, 149, 166, 168, 92, 177, 246, 289, 27, 66, 79, 276, 132, 4, 244, 23, 296, 100, 133, 62, 134, 256, 45, 212, 220, 209, 15, 46, 49, 24, 7, 29, 195, 138, 160, 270, 175, 241, 106, 215, 226, 179, 99, 65, 37, 187, 105, 8, 216, 254, 228, 261, 18, 161, 185, 202, 258, 236, 158, 197, 5, 135, 43, 230, 193, 59, 78, 146, 274, 145, 203, 61, 73, 116, 174, 205, 157]",90,300,100,0.2891844997108155,1729.0,ok,,3
pmed15.txt,pmed15,1.2868170500005363,1733.0,"[87, 254, 168, 15, 161, 292, 166, 265, 241, 226, 255, 32, 213, 199, 8, 38, 73, 17, 29, 101, 141, 228, 57, 61, 177, 77, 149, 207, 276, 133, 157, 192, 212, 243, 220, 22, 24, 11, 236, 67, 36, 216, 175, 162, 244, 142, 158, 187, 203, 296, 46, 169, 66, 92, 183, 249, 81, 106, 204, 138, 270, 214, 79, 209, 105, 134, 272, 202, 45, 215, 62, 49, 258, 189, 18, 116, 23, 99, 197, 59, 195, 146, 4, 205, 238, 37, 274, 51, 294, 289, 1, 246, 160, 135, 43, 174, 261, 145, 98, 230]",80,300,100,0.2313475997686524,1729.0,ok,,4
pmed15.txt,pmed15,1.3896611089985527,1730.0,"[168, 238, 241, 87, 99, 255, 45, 298, 72, 142, 38, 212, 276, 77, 15, 243, 162, 81, 268, 228, 189, 166, 17, 169, 23, 69, 203, 141, 296, 177, 157, 199, 24, 57, 73, 27, 36, 204, 244, 66, 185, 207, 79, 192, 161, 202, 209, 8, 46, 134, 49, 106, 270, 246, 272, 43, 135, 133, 32, 215, 294, 231, 30, 274, 29, 213, 10, 236, 179, 59, 18, 220, 258, 138, 1, 145, 261, 175, 61, 205, 158, 160, 92, 171, 62, 195, 4, 216, 132, 101, 37, 265, 254, 13, 11, 52, 89, 226, 146, 251]",100,300,100,0.0578368999421631,1729.0,ok,,5
pmed16.txt,pmed16,0.26601724100146384,8162.0,"[229, 267, 20, 374, 379]",55,400,5,0.0,8162.0,ok,,1
pmed16.txt,pmed16,0.25602009700014605,8162.0,"[379, 267, 229, 374, 20]",56,400,5,0.0,8162.0,ok,,2
pmed16.txt,pmed16,0.2690623520011286,8162.0,"[267, 379, 229, 374, 20]",57,400,5,0.0,8162.0,ok,,3
pmed16.txt,pmed16,0.26090431999909924,8162.0,"[20, 379, 267, 229, 374]",56,400,5,0.0,8162.0,ok,,4
pmed16.txt,pmed16,0.2704919460011297,8162.0,"[229, 374, 379, 267, 20]",60,400,5,0.0,8162.0,ok,,5
pmed17.txt,pmed17,0.5542348999988462,6999.0,"[222, 116, 331, 173, 360, 36, 72, 92, 392, 120]",47,400,10,0.0,6999.0,ok,,1
pmed17.txt,pmed17,0.5846479749998252,6999.0,"[222, 116, 331, 36, 72, 360, 173, 92, 392, 120]",39,400,10,0.0,6999.0,ok,,2
pmed17.txt,pmed17,0.6826004419999663,6999.0,"[116, 331, 222, 36, 360, 173, 72, 120, 92, 392]",66,400,10,0.0,6999.0,ok,,3
pmed17.txt,pmed17,0.6350338209995243,6999.0,"[222, 360, 331, 36, 116, 72, 173, 92, 120, 392]",51,400,10,0.0,6999.0,ok,,4
pmed17.txt,pmed17,0.4768509980003728,6999.0,"[331, 360, 222, 36, 116, 72, 120, 392, 92, 173]",42,400,10,0.0,6999.0,ok,,5
pmed18.txt,pmed18,1.3160676019997481,4811.0,"[168, 231, 321, 26, 4, 72, 357, 42, 204, 325, 215, 63, 141, 240, 262, 298, 33, 27, 269, 86, 183, 359, 52, 50, 35, 276, 203, 165, 114, 210, 191, 138, 58, 252, 119, 94, 125, 228, 2, 267]",75,400,40,0.041588687876897484,4809.0,ok,,1
pmed18.txt,pmed18,1.3135933089997707,4809.0,"[168, 183, 231, 42, 210, 4, 104, 212, 387, 63, 138, 204, 203, 50, 141, 359, 94, 86, 267, 262, 27, 215, 228, 52, 191, 119, 269, 26, 276, 114, 321, 298, 58, 68, 396, 72, 307, 357, 35, 325]",74,400,40,0.0,4809.0,ok,,2
pmed18.txt,pmed18,1.626358039000479,4809.0,"[183, 26, 396, 42, 228, 210, 357, 203, 125, 50, 63, 114, 298, 267, 276, 165, 325, 35, 359, 231, 104, 4, 215, 27, 262, 52, 33, 141, 191, 94, 119, 68, 321, 58, 168, 72, 269, 204, 138, 86]",84,400,40,0.0,4809.0,ok,,3
pmed18.txt,pmed18,1.578906413000368,4809.0,"[50, 26, 321, 231, 267, 58, 104, 396, 183, 357, 3, 63, 298, 204, 33, 168, 114, 35, 42, 276, 138, 203, 49, 86, 210, 52, 165, 215, 72, 393, 27, 141, 119, 269, 359, 191, 68, 125, 325, 262]",89,400,40,0.0,4809.0,ok,,4
pmed18.txt,pmed18,1.707516583999677,4811.0,"[240, 26, 267, 72, 228, 94, 252, 215, 114, 4, 298, 141, 168, 325, 204, 27, 63, 138, 42, 52, 210, 231, 269, 86, 183, 357, 165, 50, 35, 270, 125, 359, 203, 33, 321, 119, 58, 276, 191, 262]",88,400,40,0.041588687876897484,4809.0,ok,,5
pmed19.txt,pmed19,4.085149186999843,2845.0,"[376, 317, 213, 11, 187, 263, 336, 312, 271, 100, 330, 40, 252, 178, 323, 355, 326, 42, 292, 327, 176, 363, 29, 5, 114, 87, 137, 132, 340, 311, 76, 14, 352, 47, 27, 28, 107, 53, 391, 207, 361, 266, 331, 60, 343, 286, 108, 287, 201, 232, 169, 231, 305, 156, 377, 265, 338, 13, 185, 346, 49, 103, 333, 17, 32, 267, 358, 168, 70, 121, 66, 394, 92, 284, 128, 219, 294, 400, 80, 161]",128,400,80,0.0,2845.0,ok,,1
pmed19.txt,pmed19,4.037768050000523,2846.0,"[32, 213, 361, 128, 376, 323, 285, 5, 355, 66, 114, 100, 292, 326, 340, 286, 28, 27, 363, 336, 108, 207, 53, 70, 263, 391, 13, 252, 294, 265, 76, 168, 187, 107, 14, 156, 271, 132, 219, 29, 358, 103, 136, 266, 333, 176, 49, 386, 400, 47, 161, 311, 169, 197, 121, 178, 74, 87, 287, 80, 338, 50, 17, 60, 40, 232, 188, 91, 137, 231, 343, 331, 317, 394, 11, 42, 185, 267, 346, 22]",138,400,80,0.0351493848857645,2845.0,ok,,2
pmed19.txt,pmed19,3.5157728289996157,2845.0,"[47, 53, 32, 128, 70, 100, 355, 394, 40, 317, 333, 60, 252, 156, 29, 76, 284, 336, 207, 74, 22, 340, 14, 27, 363, 232, 65, 114, 361, 295, 17, 137, 219, 50, 294, 28, 176, 42, 326, 132, 66, 178, 231, 197, 266, 11, 338, 91, 136, 108, 265, 331, 343, 311, 352, 187, 121, 87, 13, 271, 358, 267, 263, 287, 5, 169, 286, 213, 346, 185, 80, 391, 400, 103, 323, 161, 312, 168, 107, 292]",131,400,80,0.0,2845.0,ok,,3
pmed19.txt,pmed19,3.625547973999346,2846.0,"[187, 108, 358, 327, 40, 252, 394, 5, 361, 60, 323, 87, 336, 53, 271, 292, 294, 376, 47, 85, 295, 13, 29, 176, 178, 100, 207, 330, 355, 305, 66, 149, 137, 28, 311, 391, 76, 107, 17, 343, 103, 287, 231, 263, 27, 266, 121, 14, 331, 213, 185, 400, 201, 179, 285, 317, 32, 70, 168, 340, 114, 128, 363, 132, 386, 232, 265, 11, 286, 219, 346, 267, 333, 74, 326, 91, 188, 156, 169, 338]",137,400,80,0.0351493848857645,2845.0,ok,,4
pmed19.txt,pmed19,4.252730390999204,2846.0,"[376, 252, 128, 17, 263, 355, 323, 327, 176, 49, 326, 187, 100, 103, 27, 292, 32, 207, 333, 13, 87, 271, 311, 53, 197, 285, 213, 178, 29, 121, 76, 132, 5, 137, 50, 47, 42, 114, 340, 266, 107, 361, 363, 168, 294, 185, 331, 136, 28, 161, 11, 343, 394, 232, 336, 196, 66, 338, 14, 231, 74, 169, 391, 70, 108, 40, 134, 358, 386, 156, 267, 317, 265, 80, 60, 346, 400, 91, 219, 188]",149,400,80,0.0351493848857645,2845.0,ok,,5
pmed20.txt,pmed20,4.854298791999099,1790.0,"[396, 332, 308, 90, 241, 321, 173, 390, 91, 292, 8, 232, 298, 77, 182, 342, 137, 102, 400, 40, 96, 379, 317, 295, 65, 228, 269, 165, 185, 121, 152, 100, 301, 147, 56, 64, 168, 243, 252, 339, 324, 393, 105, 200, 5, 83, 354, 206, 244, 329, 16, 392, 253, 358, 86, 395, 386, 300, 331, 333, 283, 338, 73, 371, 76, 81, 26, 199, 166, 62, 87, 89, 264, 266, 263, 267, 149, 33, 274, 92, 116, 167, 343, 28, 334, 75, 98, 347, 192, 357, 294, 99, 70, 363, 15, 19, 34, 71, 104, 238, 109, 159, 255, 9, 305, 78, 315, 189, 4, 35, 163, 136, 97, 101, 362, 262, 115, 389, 49, 14, 397, 113, 107, 367, 125, 271, 215, 187, 247, 291, 288, 203, 356]",144,400,133,0.05589714924538849,1789.0,ok,,1
pmed20.txt,pmed20,4.525291633999586,1789.0,"[190, 96, 305, 182, 49, 288, 90, 332, 26, 152, 63, 342, 125, 185, 14, 217, 380, 137, 331, 172, 324, 16, 104, 271, 65, 252, 385, 19, 91, 122, 86, 106, 215, 301, 34, 78, 238, 389, 206, 358, 308, 166, 187, 367, 147, 244, 329, 149, 397, 400, 379, 243, 54, 142, 159, 167, 113, 287, 8, 284, 338, 56, 98, 71, 77, 264, 354, 325, 266, 371, 274, 76, 334, 102, 363, 70, 99, 232, 192, 241, 117, 396, 283, 298, 73, 387, 200, 83, 291, 335, 115, 199, 300, 247, 390, 138, 116, 92, 294, 296, 121, 255, 392, 9, 15, 35, 28, 97, 87, 81, 160, 261, 168, 89, 364, 101, 253, 75, 197, 163, 262, 109, 203, 214, 107, 272, 228, 317, 386, 356, 292, 64, 124]",141,400,133,0.0,1789.0,ok,,2
pmed20.txt,pmed20,4.775079039998673,1790.0,"[305, 396, 252, 332, 253, 317, 390, 152, 8, 49, 125, 56, 147, 232, 16, 214, 324, 292, 364, 96, 206, 380, 342, 267, 182, 77, 168, 271, 65, 348, 113, 83, 298, 331, 354, 149, 347, 294, 240, 379, 64, 243, 248, 165, 148, 14, 91, 172, 116, 87, 264, 104, 387, 295, 395, 247, 371, 76, 193, 185, 89, 386, 28, 78, 102, 272, 4, 167, 284, 68, 238, 263, 73, 301, 98, 325, 105, 262, 119, 109, 75, 397, 392, 329, 385, 287, 26, 244, 99, 86, 166, 274, 341, 241, 70, 203, 196, 117, 34, 358, 302, 367, 315, 283, 159, 338, 266, 5, 334, 228, 100, 137, 81, 343, 163, 90, 19, 400, 192, 363, 261, 321, 62, 215, 121, 35, 174, 187, 107, 71, 92, 300, 199]",143,400,133,0.05589714924538849,1789.0,ok,,3
pmed20.txt,pmed20,5.301036413000475,1789.0,"[292, 54, 288, 49, 116, 390, 121, 240, 324, 379, 78, 90, 185, 348, 182, 149, 232, 8, 163, 28, 305, 396, 287, 168, 397, 206, 338, 341, 271, 302, 83, 380, 64, 342, 252, 14, 142, 238, 228, 5, 298, 34, 56, 385, 65, 125, 301, 358, 243, 299, 371, 325, 244, 253, 352, 76, 19, 392, 91, 367, 400, 87, 264, 266, 354, 356, 196, 357, 283, 102, 247, 317, 109, 117, 215, 284, 263, 26, 35, 16, 73, 294, 203, 383, 334, 395, 98, 214, 152, 315, 386, 106, 147, 137, 262, 96, 329, 332, 159, 150, 77, 347, 89, 172, 104, 15, 199, 113, 99, 86, 9, 122, 331, 81, 97, 40, 4, 71, 37, 217, 272, 92, 166, 70, 187, 62, 261, 295, 115, 167, 107, 192, 255]",165,400,133,0.0,1789.0,ok,,4
pmed20.txt,pmed20,4.564903330001471,1789.0,"[71, 396, 332, 26, 354, 14, 19, 34, 214, 334, 238, 185, 321, 287, 380, 104, 272, 325, 294, 240, 400, 56, 331, 65, 387, 147, 324, 77, 137, 199, 206, 315, 78, 138, 305, 86, 390, 64, 342, 298, 329, 83, 301, 81, 302, 244, 348, 253, 167, 54, 91, 16, 395, 163, 87, 97, 49, 125, 165, 252, 266, 283, 89, 98, 284, 105, 73, 121, 75, 363, 243, 292, 271, 274, 262, 166, 317, 264, 90, 300, 62, 8, 379, 109, 159, 115, 397, 149, 117, 371, 367, 255, 203, 385, 168, 232, 247, 4, 364, 142, 9, 386, 5, 392, 28, 70, 35, 172, 295, 341, 358, 92, 263, 122, 196, 187, 152, 215, 192, 288, 96, 228, 76, 241, 15, 338, 102, 116, 182, 113, 356, 99, 261]",138,400,133,0.0,1789.0,ok,,5
pmed21.txt,pmed21,0.5550644229988393,9138.0,"[161, 71, 494, 285, 138]",67,500,5,0.0,9138.0,ok,,1
pmed21.txt,pmed21,0.5378438269999606,9138.0,"[161, 494, 71, 285, 138]",78,500,5,0.0,9138.0,ok,,2
pmed21.txt,pmed21,0.5476781149991439,9138.0,"[161, 494, 71, 285, 138]",77,500,5,0.0,9138.0,ok,,3
pmed21.txt,pmed21,0.541421496998737,9138.0,"[161, 494, 71, 285, 138]",78,500,5,0.0,9138.0,ok,,4
pmed21.txt,pmed21,0.536477797999396,9138.0,"[161, 494, 71, 285, 138]",76,500,5,0.0,9138.0,ok,,5
pmed22.txt,pmed22,1.3691862280011264,8579.0,"[31, 490, 149, 419, 109, 414, 268, 492, 378, 299]",59,500,10,0.0,8579.0,ok,,1
pmed22.txt,pmed22,1.404340803001105,8579.0,"[492, 149, 419, 490, 31, 414, 268, 299, 109, 378]",64,500,10,0.0,8579.0,ok,,2
pmed22.txt,pmed22,1.4389280590003182,8579.0,"[31, 492, 490, 109, 414, 268, 149, 419, 299, 378]",54,500,10,0.0,8579.0,ok,,3
pmed22.txt,pmed22,1.2482667619988206,8579.0,"[31, 490, 149, 268, 414, 109, 419, 378, 492, 299]",49,500,10,0.0,8579.0,ok,,4
pmed22.txt,pmed22,1.0856745190012589,8579.0,"[149, 419, 414, 31, 299, 109, 490, 378, 492, 268]",39,500,10,0.0,8579.0,ok,,5
pmed23.txt,pmed23,3.795689158998357,4619.0,"[42, 458, 413, 357, 54, 34, 343, 481, 402, 165, 231, 72, 450, 318, 115, 23, 170, 142, 47, 81, 49, 482, 387, 53, 79, 204, 84, 359, 376, 409, 379, 184, 314, 490, 312, 460, 400, 483, 378, 151, 21, 347, 307, 310, 323, 56, 472, 241, 368, 454]",46,500,50,0.0,4619.0,ok,,1
pmed23.txt,pmed23,4.5085849780007266,4619.0,"[323, 204, 54, 241, 357, 23, 318, 458, 450, 413, 368, 483, 481, 307, 482, 376, 199, 170, 386, 454, 34, 79, 312, 47, 184, 49, 151, 343, 53, 142, 231, 310, 409, 56, 472, 81, 314, 359, 400, 379, 402, 378, 115, 460, 21, 42, 347, 165, 490, 72]",56,500,50,0.0,4619.0,ok,,2
pmed23.txt,pmed23,3.929153214001417,4619.0,"[458, 241, 357, 54, 115, 454, 323, 483, 184, 49, 378, 490, 368, 34, 204, 343, 165, 379, 402, 400, 81, 312, 53, 72, 47, 231, 347, 481, 482, 307, 79, 314, 21, 359, 310, 386, 409, 56, 23, 472, 170, 460, 413, 142, 42, 450, 84, 318, 376, 151]",49,500,50,0.0,4619.0,ok,,3
pmed23.txt,pmed23,4.345560661000491,4619.0,"[204, 379, 413, 79, 323, 359, 376, 460, 482, 343, 481, 184, 357, 483, 34, 386, 241, 312, 72, 49, 314, 378, 400, 115, 454, 458, 23, 170, 231, 307, 56, 402, 450, 142, 165, 21, 490, 310, 347, 151, 47, 318, 81, 472, 409, 53, 84, 42, 368, 54]",55,500,50,0.0,4619.0,ok,,4
pmed23.txt,pmed23,4.538259703000222,4619.0,"[413, 241, 54, 323, 490, 42, 343, 357, 142, 359, 482, 460, 72, 450, 84, 231, 307, 23, 53, 402, 151, 483, 81, 115, 170, 314, 378, 49, 400, 204, 79, 184, 376, 347, 386, 409, 458, 165, 368, 454, 47, 34, 472, 379, 56, 310, 21, 481, 318, 312]",50,500,50,0.0,4619.0,ok,,5
pmed24.txt,pmed24,8.588225064000653,2961.0,"[180, 137, 128, 47, 218, 422, 371, 295, 436, 42, 41, 82, 313, 401, 116, 361, 61, 328, 298, 254, 182, 500, 310, 399, 107, 91, 200, 143, 202, 212, 337, 377, 134, 356, 465, 269, 86, 249, 318, 111, 125, 179, 16, 31, 370, 229, 133, 24, 292, 32, 196, 65, 62, 466, 378, 13, 341, 154, 234, 488, 228, 421, 338, 104, 429, 77, 52, 106, 368, 290, 168, 246, 11, 99, 256, 189, 75, 331, 363, 323, 173, 121, 129, 241, 267, 494, 482, 392, 206, 315, 384, 418, 54, 221, 419, 491, 489, 365, 46, 300]",159,500,100,0.0,2961.0,ok,,1
pmed24.txt,pmed24,11.410624232001283,2961.0,"[290, 107, 256, 128, 422, 47, 143, 363, 42, 429, 218, 295, 86, 189, 41, 379, 179, 384, 196, 323, 104, 160, 137, 488, 370, 489, 91, 31, 391, 17, 483, 82, 337, 491, 106, 377, 341, 202, 54, 465, 292, 52, 154, 129, 318, 65, 99, 252, 133, 398, 401, 95, 494, 269, 368, 206, 338, 200, 75, 331, 315, 310, 77, 500, 228, 298, 254, 241, 371, 466, 221, 24, 180, 125, 182, 134, 246, 115, 212, 167, 249, 234, 365, 300, 62, 231, 267, 436, 61, 13, 418, 392, 11, 111, 421, 399, 46, 173, 121, 328]",212,500,100,0.0,2961.0,ok,,2
pmed24.txt,pmed24,10.302815917999396,2962.0,"[295, 182, 179, 167, 31, 24, 42, 371, 86, 469, 54, 41, 134, 356, 429, 104, 202, 32, 363, 318, 365, 189, 246, 256, 418, 82, 290, 310, 489, 254, 377, 436, 361, 483, 337, 500, 46, 370, 13, 91, 47, 143, 379, 107, 323, 341, 218, 221, 111, 391, 65, 269, 154, 180, 62, 137, 444, 488, 165, 292, 300, 106, 315, 421, 212, 52, 99, 384, 129, 452, 368, 17, 133, 298, 11, 75, 466, 173, 399, 196, 338, 206, 425, 422, 401, 491, 311, 61, 148, 216, 116, 392, 234, 494, 313, 200, 328, 456, 121, 139]",191,500,100,0.033772374197906116,2961.0,ok,,3
pmed24.txt,pmed24,10.03245396100101,2962.0,"[180, 318, 42, 422, 310, 494, 256, 86, 165, 231, 399, 252, 159, 168, 228, 203, 91, 65, 249, 133, 111, 429, 482, 500, 337, 398, 139, 202, 254, 328, 216, 491, 143, 99, 179, 295, 154, 315, 218, 311, 82, 292, 384, 211, 363, 16, 115, 47, 95, 125, 341, 197, 290, 31, 160, 182, 234, 206, 378, 45, 200, 401, 107, 54, 246, 106, 13, 269, 189, 331, 368, 11, 62, 75, 173, 52, 391, 137, 241, 466, 61, 298, 212, 24, 214, 418, 377, 338, 419, 221, 436, 323, 392, 421, 365, 489, 370, 121, 371, 488]",187,500,100,0.033772374197906116,2961.0,ok,,4
pmed24.txt,pmed24,8.163847377998536,2961.0,"[422, 42, 256, 363, 107, 31, 154, 488, 137, 370, 379, 143, 323, 180, 436, 159, 218, 494, 47, 24, 384, 298, 290, 365, 371, 54, 337, 13, 133, 111, 196, 491, 167, 52, 104, 338, 356, 295, 182, 500, 401, 399, 300, 254, 91, 116, 465, 483, 125, 129, 328, 160, 229, 189, 310, 32, 368, 81, 246, 65, 165, 341, 398, 99, 466, 315, 106, 249, 61, 206, 418, 377, 16, 221, 202, 62, 134, 292, 269, 179, 86, 228, 11, 75, 173, 331, 200, 234, 429, 421, 212, 392, 489, 46, 121, 139, 216, 95, 267, 318]",161,500,100,0.0,2961.0,ok,,5
pmed25.txt,pmed25,11.497700247000466,1835.0,"[178, 91, 309, 143, 333, 20, 97, 500, 110, 353, 33, 381, 12, 367, 158, 130, 241, 173, 427, 225, 484, 181, 237, 458, 8, 70, 260, 102, 147, 128, 195, 496, 44, 115, 148, 229, 383, 339, 117, 187, 204, 55, 2, 123, 122, 320, 332, 100, 182, 424, 410, 74, 289, 262, 266, 255, 487, 310, 365, 217, 437, 492, 34, 418, 81, 425, 109, 465, 98, 82, 52, 232, 481, 370, 161, 396, 329, 140, 249, 50, 39, 228, 385, 452, 495, 398, 68, 51, 38, 152, 167, 422, 240, 342, 453, 417, 126, 306, 67, 464, 446, 423, 19, 324, 298, 137, 29, 64, 473, 30, 337, 377, 330, 76, 106, 190, 176, 279, 144, 170, 356, 231, 66, 451, 498, 470, 476, 292, 43, 56, 92, 10, 80, 326, 259, 438, 490, 210, 119, 169, 183, 432, 175, 212, 192, 318, 221, 211, 394, 224, 354, 105, 277, 295, 364, 392, 278, 313, 116, 162, 284, 27, 290, 216, 153, 222, 302]",166,500,167,0.38293216630196936,1828.0,ok,,1
pmed25.txt,pmed25,12.025485054000455,1833.0,"[98, 217, 91, 143, 396, 231, 97, 241, 182, 12, 81, 324, 300, 158, 315, 473, 320, 392, 487, 367, 282, 100, 381, 140, 181, 234, 195, 212, 240, 148, 232, 244, 259, 173, 284, 292, 313, 470, 117, 454, 167, 425, 8, 484, 161, 34, 43, 216, 123, 204, 306, 298, 412, 290, 310, 224, 116, 137, 500, 144, 410, 50, 496, 55, 430, 126, 29, 237, 110, 147, 66, 51, 329, 333, 122, 266, 326, 364, 332, 339, 365, 476, 309, 64, 70, 20, 162, 385, 424, 353, 423, 452, 495, 11, 370, 27, 295, 368, 343, 176, 422, 82, 255, 19, 438, 56, 481, 469, 383, 377, 462, 152, 437, 68, 183, 222, 337, 102, 428, 354, 105, 153, 262, 464, 342, 398, 33, 334, 317, 76, 52, 277, 39, 124, 170, 245, 249, 453, 278, 215, 302, 74, 458, 426, 420, 356, 490, 417, 192, 30, 25, 187, 498, 178, 260, 221, 93, 169, 67, 225, 271, 451, 492, 465, 131, 130, 394]",171,500,167,0.2735229759299781,1828.0,ok,,2
pmed25.txt,pmed25,11.049552856999071,1829.0,"[333, 162, 178, 292, 426, 470, 500, 50, 232, 260, 424, 12, 119, 332, 173, 217, 44, 201, 228, 364, 330, 367, 438, 240, 241, 143, 39, 284, 458, 92, 197, 139, 32, 233, 137, 152, 379, 381, 80, 204, 212, 334, 453, 354, 187, 117, 122, 140, 473, 91, 123, 310, 100, 181, 223, 229, 337, 483, 446, 255, 336, 392, 326, 464, 365, 394, 277, 476, 356, 492, 82, 442, 160, 295, 452, 495, 27, 116, 55, 153, 482, 370, 211, 102, 81, 410, 412, 420, 298, 417, 37, 66, 210, 148, 343, 465, 262, 51, 266, 282, 192, 290, 437, 342, 237, 110, 385, 221, 19, 97, 2, 31, 20, 498, 324, 130, 30, 280, 74, 176, 278, 423, 168, 98, 317, 454, 33, 302, 29, 67, 183, 76, 52, 430, 289, 21, 105, 8, 70, 339, 147, 216, 353, 68, 313, 169, 346, 144, 249, 320, 451, 215, 56, 425, 195, 161, 182, 396, 225, 222, 487, 422, 259, 126, 64, 231, 43]",162,500,167,0.05470459518599562,1828.0,ok,,3
pmed25.txt,pmed25,8.773358196000117,1834.0,"[309, 143, 109, 43, 97, 232, 500, 74, 217, 80, 140, 30, 68, 343, 2, 110, 216, 119, 458, 228, 353, 367, 259, 332, 394, 44, 54, 470, 39, 212, 32, 152, 161, 201, 204, 98, 346, 260, 8, 229, 322, 474, 496, 262, 324, 495, 452, 11, 117, 139, 370, 50, 476, 128, 176, 231, 137, 241, 295, 29, 64, 123, 334, 181, 287, 222, 24, 313, 267, 326, 430, 365, 52, 27, 453, 420, 82, 499, 423, 153, 310, 12, 277, 20, 19, 221, 56, 195, 337, 292, 426, 279, 67, 351, 148, 183, 130, 385, 122, 21, 160, 240, 490, 116, 284, 330, 364, 410, 464, 368, 37, 169, 100, 396, 422, 379, 187, 70, 424, 76, 354, 91, 147, 167, 215, 249, 320, 106, 392, 462, 356, 302, 333, 451, 306, 487, 492, 51, 173, 255, 483, 178, 224, 282, 342, 182, 126, 465, 124, 192, 381, 225, 266, 66, 237, 34, 438, 31, 81, 317, 93, 102, 481, 144, 339, 208, 278]",128,500,167,0.3282275711159737,1828.0,ok,,4
pmed25.txt,pmed25,11.845903248000468,1833.0,"[465, 217, 292, 61, 74, 143, 334, 255, 396, 282, 329, 12, 119, 232, 412, 241, 130, 210, 97, 81, 441, 500, 195, 244, 140, 381, 178, 324, 378, 343, 181, 410, 453, 126, 458, 152, 161, 187, 176, 29, 237, 245, 128, 123, 332, 333, 370, 392, 495, 487, 260, 498, 54, 100, 116, 25, 201, 122, 266, 313, 52, 262, 182, 228, 43, 267, 310, 398, 326, 353, 365, 379, 476, 183, 385, 279, 290, 93, 70, 284, 417, 259, 68, 452, 153, 298, 277, 173, 422, 27, 426, 30, 366, 337, 51, 231, 67, 306, 430, 322, 470, 20, 148, 139, 354, 496, 413, 204, 240, 464, 39, 339, 137, 438, 19, 451, 66, 424, 76, 342, 98, 481, 167, 147, 215, 317, 8, 64, 423, 249, 142, 484, 212, 278, 368, 420, 491, 56, 295, 222, 109, 364, 346, 221, 224, 302, 225, 309, 394, 336, 367, 91, 117, 425, 320, 315, 216, 14, 211, 50, 82, 162, 80, 21, 37, 169, 102]",169,500,167,0.2735229759299781,1828.0,ok,,5
pmed26.txt,pmed26,1.04453843400006,9917.0,"[302, 131, 88, 325, 545]",84,600,5,0.0,9917.0,ok,,1
pmed26.txt,pmed26,1.0278953720007848,9917.0,"[302, 131, 88, 325, 545]",71,600,5,0.0,9917.0,ok,,2
pmed26.txt,pmed26,1.0405433209998591,9917.0,"[325, 302, 545, 131, 88]",82,600,5,0.0,9917.0,ok,,3
pmed26.txt,pmed26,1.0196576319995074,9917.0,"[131, 302, 88, 325, 545]",87,600,5,0.0,9917.0,ok,,4
pmed26.txt,pmed26,1.0478509919994394,9917.0,"[302, 131, 325, 88, 545]",83,600,5,0.0,9917.0,ok,,5
pmed27.txt,pmed27,1.5457163770006446,8307.0,"[544, 302, 110, 251, 4, 257, 561, 389, 11, 88]",37,600,10,0.0,8307.0,ok,,1
pmed27.txt,pmed27,1.519484594999085,8307.0,"[302, 11, 251, 88, 389, 110, 561, 4, 257, 544]",41,600,10,0.0,8307.0,ok,,2
pmed27.txt,pmed27,1.4782753399995272,8307.0,"[302, 11, 251, 110, 88, 389, 257, 561, 4, 544]",28,600,10,0.0,8307.0,ok,,3
pmed27.txt,pmed27,1.4361800580009003,8307.0,"[302, 11, 88, 251, 257, 4, 561, 389, 544, 110]",32,600,10,0.0,8307.0,ok,,4
pmed27.txt,pmed27,1.499506604999624,8307.0,"[302, 11, 88, 251, 110, 561, 257, 4, 544, 389]",37,600,10,0.0,8307.0,ok,,5
pmed28.txt,pmed28,10.267035867998857,4498.0,"[123, 212, 396, 140, 76, 475, 262, 108, 379, 277, 344, 11, 534, 58, 44, 500, 209, 110, 147, 503, 125, 295, 90, 340, 270, 600, 590, 318, 591, 578, 246, 540, 403, 474, 488, 535, 426, 265, 12, 380, 322, 374, 141, 218, 60, 174, 185, 289, 200, 393, 506, 356, 187, 316, 54, 117, 405, 136, 596, 569]",106,600,60,0.0,4498.0,ok,,1
pmed28.txt,pmed28,10.888308015999428,4498.0,"[396, 44, 295, 108, 262, 475, 503, 76, 147, 335, 140, 534, 578, 54, 316, 540, 265, 58, 600, 26, 200, 11, 270, 500, 488, 379, 209, 474, 403, 125, 393, 344, 318, 340, 374, 569, 60, 117, 356, 90, 113, 174, 506, 380, 187, 426, 322, 277, 535, 141, 185, 110, 246, 218, 289, 405, 591, 123, 596, 212]",104,600,60,0.0,4498.0,ok,,2
pmed28.txt,pmed28,9.734506431999762,4498.0,"[140, 212, 11, 58, 295, 174, 534, 108, 110, 396, 123, 335, 475, 262, 44, 474, 344, 147, 265, 393, 578, 600, 270, 246, 540, 403, 374, 318, 488, 289, 141, 200, 76, 125, 218, 90, 426, 322, 54, 356, 535, 340, 26, 579, 117, 187, 596, 506, 591, 569, 60, 380, 113, 503, 316, 277, 500, 379, 405, 209]",92,600,60,0.0,4498.0,ok,,3
pmed28.txt,pmed28,10.873017908001202,4498.0,"[396, 11, 147, 212, 393, 110, 125, 58, 535, 503, 140, 426, 270, 76, 295, 44, 322, 474, 540, 218, 200, 340, 90, 600, 289, 475, 136, 318, 54, 488, 113, 277, 534, 591, 379, 500, 344, 265, 123, 578, 403, 117, 141, 356, 246, 108, 316, 209, 380, 506, 569, 60, 262, 405, 590, 187, 579, 374, 596, 174]",105,600,60,0.0,4498.0,ok,,4
pmed28.txt,pmed28,10.906187244001558,4499.0,"[110, 212, 396, 318, 187, 125, 265, 147, 475, 590, 322, 578, 540, 500, 90, 108, 140, 600, 379, 11, 76, 58, 488, 174, 262, 535, 569, 289, 44, 164, 474, 295, 374, 246, 200, 344, 591, 340, 356, 54, 380, 141, 185, 277, 60, 503, 270, 117, 316, 26, 426, 506, 148, 534, 420, 393, 123, 415, 405, 218]",103,600,60,0.022232103156958647,4498.0,ok,,5
pmed29.txt,pmed29,20.94724734600095,3033.0,"[369, 35, 390, 468, 3, 103, 231, 135, 222, 237, 412, 193, 207, 368, 24, 147, 490, 533, 454, 284, 58, 459, 563, 600, 573, 319, 176, 190, 129, 580, 195, 227, 290, 309, 313, 209, 376, 98, 45, 584, 268, 564, 33, 31, 339, 261, 351, 568, 217, 106, 457, 464, 188, 410, 153, 167, 224, 118, 409, 565, 296, 532, 61, 266, 282, 251, 258, 43, 359, 426, 107, 360, 549, 577, 39, 91, 123, 466, 53, 330, 289, 585, 134, 21, 108, 297, 394, 41, 495, 305, 173, 531, 473, 481, 519, 90, 316, 295, 92, 112, 137, 226, 179, 9, 513, 380, 164, 326, 416, 294, 218, 18, 435, 451, 574, 114, 124, 11, 516, 493]",213,600,120,0.0,3033.0,ok,,1
pmed29.txt,pmed29,21.253264259999924,3034.0,"[35, 58, 176, 195, 533, 226, 585, 532, 31, 41, 147, 193, 563, 495, 457, 412, 45, 266, 294, 600, 217, 441, 565, 123, 164, 351, 459, 18, 167, 118, 464, 92, 296, 268, 313, 209, 519, 137, 568, 21, 574, 380, 258, 409, 452, 289, 129, 523, 218, 33, 131, 531, 261, 406, 490, 384, 564, 416, 188, 339, 301, 305, 295, 360, 316, 9, 584, 39, 394, 97, 369, 251, 326, 153, 135, 368, 108, 577, 504, 435, 227, 103, 282, 549, 390, 53, 290, 516, 309, 207, 481, 473, 61, 109, 91, 43, 112, 124, 190, 454, 426, 231, 580, 284, 451, 359, 90, 297, 3, 513, 222, 106, 493, 410, 134, 77, 98, 11, 24, 107]",213,600,120,0.03297065611605671,3033.0,ok,,2
pmed29.txt,pmed29,20.023579991000588,3033.0,"[77, 390, 123, 368, 207, 21, 176, 412, 3, 167, 193, 9, 454, 263, 227, 226, 600, 173, 135, 313, 457, 563, 45, 359, 58, 416, 153, 164, 295, 531, 585, 294, 209, 251, 61, 268, 129, 568, 258, 92, 426, 53, 43, 513, 24, 459, 31, 35, 134, 409, 284, 495, 490, 464, 406, 107, 111, 97, 261, 231, 565, 351, 305, 574, 112, 580, 394, 188, 360, 505, 103, 316, 282, 218, 289, 577, 222, 106, 237, 296, 564, 473, 380, 481, 195, 532, 584, 435, 217, 39, 549, 64, 91, 297, 124, 137, 309, 376, 108, 179, 11, 523, 326, 339, 33, 41, 451, 224, 266, 98, 493, 516, 533, 410, 441, 90, 18, 147, 369, 290]",199,600,120,0.0,3033.0,ok,,3
pmed29.txt,pmed29,17.66579518099934,3034.0,"[369, 35, 193, 231, 227, 580, 531, 31, 305, 131, 296, 435, 9, 464, 224, 564, 563, 153, 251, 24, 207, 209, 45, 217, 441, 263, 53, 98, 454, 92, 368, 90, 164, 173, 190, 123, 61, 294, 268, 339, 459, 39, 21, 452, 390, 568, 3, 316, 549, 137, 176, 41, 490, 410, 167, 359, 135, 409, 565, 412, 106, 188, 297, 600, 18, 284, 457, 295, 351, 360, 516, 58, 513, 218, 258, 416, 577, 261, 266, 523, 574, 585, 282, 134, 290, 33, 147, 310, 380, 289, 426, 108, 124, 148, 505, 222, 468, 481, 532, 107, 584, 226, 129, 473, 394, 112, 43, 154, 384, 97, 11, 519, 103, 533, 327, 451, 195, 495, 309, 64]",174,600,120,0.03297065611605671,3033.0,ok,,4
pmed29.txt,pmed29,23.00352165500044,3034.0,"[135, 523, 490, 513, 195, 481, 368, 90, 9, 457, 43, 565, 584, 123, 216, 564, 41, 176, 412, 563, 600, 193, 319, 416, 313, 103, 217, 359, 61, 58, 251, 452, 153, 533, 53, 98, 532, 154, 549, 268, 284, 339, 330, 263, 585, 459, 258, 295, 112, 49, 390, 380, 266, 297, 464, 21, 188, 218, 305, 31, 222, 574, 226, 394, 296, 451, 261, 351, 410, 516, 164, 369, 468, 224, 137, 316, 454, 35, 282, 577, 568, 209, 147, 289, 531, 294, 495, 435, 92, 3, 129, 24, 326, 106, 409, 310, 111, 167, 519, 207, 173, 473, 231, 290, 33, 107, 18, 360, 124, 426, 134, 45, 179, 126, 11, 108, 504, 580, 309, 131]",231,600,120,0.03297065611605671,3033.0,ok,,5
pmed30.txt,pmed30,41.55374562900033,1992.0,"[46, 154, 125, 507, 461, 317, 145, 599, 131, 531, 435, 196, 447, 478, 236, 137, 73, 257, 169, 283, 389, 430, 163, 456, 579, 70, 180, 261, 596, 315, 597, 194, 529, 243, 438, 90, 562, 175, 306, 304, 396, 480, 136, 530, 526, 19, 225, 245, 574, 406, 459, 481, 177, 121, 555, 431, 172, 143, 153, 305, 404, 571, 374, 256, 407, 352, 105, 590, 287, 252, 502, 294, 582, 388, 420, 471, 224, 355, 572, 97, 64, 113, 231, 197, 519, 207, 158, 239, 255, 536, 288, 424, 418, 442, 515, 343, 533, 116, 334, 318, 549, 559, 120, 123, 426, 7, 399, 291, 383, 21, 24, 390, 227, 139, 233, 263, 503, 338, 314, 532, 69, 508, 467, 523, 583, 28, 35, 54, 228, 276, 150, 16, 394, 166, 277, 203, 360, 344, 466, 82, 170, 95, 558, 284, 229, 545, 281, 316, 186, 328, 525, 319, 524, 358, 451, 192, 212, 600, 386, 458, 151, 497, 511, 92, 465, 325, 215, 80, 147, 540, 138, 210, 108, 382, 322, 206, 249, 41, 419, 183, 528, 67, 9, 168, 510, 33, 401, 223, 265, 346, 49, 5, 55, 422, 50, 60, 216, 301, 17, 173]",342,600,200,0.15082956259426847,1989.0,ok,,1
pmed30.txt,pmed30,40.611866691000614,1995.0,"[529, 431, 507, 355, 599, 531, 218, 180, 197, 139, 169, 597, 186, 582, 451, 422, 120, 236, 80, 382, 418, 456, 430, 16, 70, 532, 210, 319, 447, 73, 69, 50, 546, 387, 277, 19, 123, 173, 363, 33, 589, 517, 257, 383, 574, 294, 5, 571, 256, 390, 161, 530, 459, 600, 24, 153, 255, 389, 579, 301, 523, 81, 564, 548, 328, 158, 145, 540, 404, 252, 305, 352, 388, 420, 524, 555, 288, 215, 590, 318, 334, 394, 106, 399, 64, 360, 97, 108, 192, 438, 239, 519, 378, 49, 572, 170, 151, 542, 92, 533, 35, 163, 54, 154, 291, 374, 386, 317, 497, 223, 9, 281, 562, 21, 177, 407, 525, 160, 207, 393, 194, 510, 278, 206, 471, 528, 183, 479, 26, 34, 144, 467, 121, 583, 322, 136, 333, 465, 143, 137, 344, 283, 150, 515, 184, 461, 93, 166, 284, 287, 559, 55, 499, 190, 212, 67, 109, 336, 275, 320, 358, 401, 458, 18, 235, 159, 369, 508, 511, 116, 558, 216, 596, 90, 125, 51, 424, 343, 103, 112, 397, 249, 229, 466, 225, 304, 315, 406, 245, 316, 346, 82, 231, 233, 41, 426, 227, 46, 503, 419]",337,600,200,0.30165912518853694,1989.0,ok,,2
pmed30.txt,pmed30,27.20258327100055,1996.0,"[343, 92, 16, 431, 123, 317, 139, 531, 355, 396, 562, 180, 137, 277, 145, 306, 80, 186, 210, 407, 456, 503, 546, 5, 173, 532, 301, 333, 597, 197, 236, 540, 192, 284, 529, 419, 391, 360, 571, 287, 153, 125, 600, 19, 528, 583, 507, 24, 260, 208, 406, 163, 480, 554, 215, 383, 430, 90, 515, 169, 314, 523, 549, 130, 64, 194, 305, 69, 138, 566, 147, 150, 168, 55, 165, 467, 231, 399, 136, 319, 442, 420, 525, 524, 46, 203, 109, 101, 27, 41, 160, 245, 318, 334, 394, 7, 21, 598, 261, 225, 207, 288, 239, 404, 424, 533, 82, 67, 344, 564, 255, 325, 382, 54, 281, 374, 478, 497, 252, 97, 246, 17, 70, 223, 122, 144, 505, 320, 177, 108, 461, 256, 316, 358, 386, 459, 166, 471, 251, 30, 508, 511, 283, 112, 558, 596, 510, 116, 132, 422, 187, 221, 206, 572, 249, 35, 389, 32, 265, 273, 184, 401, 304, 303, 458, 579, 574, 451, 106, 233, 388, 263, 590, 229, 481, 9, 33, 34, 60, 28, 275, 103, 95, 352, 104, 227, 170, 390, 120, 526, 294, 154, 291, 51, 380, 438, 143, 322, 212, 328]",226,600,200,0.35193564605329314,1989.0,ok,,3
pmed30.txt,pmed30,32.52272931200059,2000.0,"[185, 422, 507, 143, 404, 151, 396, 347, 468, 531, 430, 533, 69, 210, 163, 186, 64, 90, 154, 287, 317, 448, 315, 197, 291, 306, 9, 407, 599, 70, 30, 81, 120, 314, 116, 431, 207, 378, 600, 49, 153, 355, 196, 215, 481, 5, 168, 177, 231, 304, 574, 420, 442, 548, 467, 19, 136, 175, 187, 383, 459, 545, 554, 308, 456, 24, 263, 343, 65, 424, 319, 172, 252, 305, 374, 233, 390, 583, 21, 352, 97, 130, 239, 346, 406, 391, 99, 559, 423, 132, 223, 101, 166, 95, 208, 255, 123, 515, 165, 401, 32, 451, 497, 582, 478, 597, 529, 145, 523, 519, 80, 137, 524, 528, 144, 160, 256, 268, 229, 316, 54, 388, 502, 139, 386, 16, 465, 170, 26, 508, 394, 322, 511, 122, 261, 277, 562, 106, 360, 266, 7, 318, 288, 225, 526, 596, 195, 125, 35, 105, 109, 47, 236, 108, 206, 532, 571, 112, 249, 278, 150, 33, 41, 510, 212, 382, 389, 471, 18, 536, 50, 194, 461, 334, 283, 173, 572, 294, 169, 55, 540, 60, 118, 28, 183, 219, 243, 245, 301, 203, 400, 458, 193, 371, 558, 227, 503, 438, 336, 180]",273,600,200,0.5530417295123178,1989.0,ok,,4
pmed30.txt,pmed30,31.705766353999934,2001.0,"[371, 319, 344, 542, 122, 80, 529, 73, 532, 456, 507, 163, 229, 41, 421, 566, 572, 418, 180, 315, 151, 396, 158, 510, 186, 70, 467, 600, 451, 317, 236, 571, 393, 90, 197, 257, 388, 185, 196, 288, 131, 173, 583, 19, 65, 231, 598, 139, 504, 564, 352, 508, 389, 13, 461, 233, 116, 153, 387, 438, 533, 252, 459, 145, 419, 430, 213, 540, 420, 278, 546, 154, 235, 21, 143, 318, 597, 515, 502, 525, 207, 524, 269, 383, 239, 249, 378, 407, 505, 291, 255, 503, 401, 559, 478, 471, 519, 303, 523, 136, 284, 431, 51, 426, 531, 562, 316, 183, 374, 67, 42, 92, 424, 113, 224, 579, 466, 343, 305, 558, 279, 481, 386, 404, 596, 103, 223, 263, 322, 26, 511, 530, 225, 294, 574, 548, 218, 159, 170, 16, 137, 480, 582, 64, 175, 334, 35, 24, 8, 287, 276, 590, 17, 33, 60, 274, 177, 95, 283, 104, 108, 166, 277, 256, 5, 555, 243, 428, 406, 215, 394, 203, 206, 97, 497, 400, 216, 261, 304, 54, 169, 301, 328, 360, 168, 210, 82, 46, 227, 458, 556, 193, 123, 49, 194, 138, 30, 205, 228, 120]",257,600,200,0.6033182503770739,1989.0,ok,,5
pmed31.txt,pmed31,1.482999526999265,10086.0,"[84, 215, 681, 188, 349]",88,700,5,0.0,10086.0,ok,,1
pmed31.txt,pmed31,1.5221001190002426,10086.0,"[84, 215, 681, 188, 349]",92,700,5,0.0,10086.0,ok,,2
pmed31.txt,pmed31,1.5881202279997524,10086.0,"[84, 215, 681, 188, 349]",95,700,5,0.0,10086.0,ok,,3
pmed31.txt,pmed31,1.517985939000937,10086.0,"[215, 84, 681, 188, 349]",83,700,5,0.0,10086.0,ok,,4
pmed31.txt,pmed31,1.50683797199963,10086.0,"[84, 215, 681, 349, 188]",83,700,5,0.0,10086.0,ok,,5
pmed32.txt,pmed32,2.538826418000099,9297.0,"[454, 112, 310, 661, 296, 406, 561, 355, 270, 216]",33,700,10,0.0,9297.0,ok,,1
pmed32.txt,pmed32,2.570856423000805,9297.0,"[310, 661, 112, 561, 270, 406, 216, 296, 454, 355]",36,700,10,0.0,9297.0,ok,,2
pmed32.txt,pmed32,2.5445461709987285,9297.0,"[355, 112, 270, 216, 661, 310, 561, 406, 296, 454]",40,700,10,0.0,9297.0,ok,,3
pmed32.txt,pmed32,2.585574140999597,9297.0,"[270, 112, 406, 310, 661, 561, 296, 216, 454, 355]",33,700,10,0.0,9297.0,ok,,4
pmed32.txt,pmed32,2.7221512279993476,9297.0,"[454, 112, 310, 406, 661, 561, 270, 296, 216, 355]",51,700,10,0.0,9297.0,ok,,5
pmed33.txt,pmed33,20.765980447000402,4700.0,"[5, 692, 538, 154, 468, 549, 567, 683, 194, 470, 247, 675, 236, 35, 369, 400, 504, 530, 180, 320, 346, 629, 511, 405, 290, 137, 291, 459, 408, 3, 72, 281, 156, 392, 151, 81, 444, 115, 507, 287, 670, 370, 418, 489, 49, 581, 80, 108, 553, 11, 363, 691, 117, 314, 106, 327, 323, 529, 555, 284, 125, 676, 365, 551, 577, 300, 104, 492, 665, 330]",136,700,70,0.0,4700.0,ok,,1
pmed33.txt,pmed33,19.044233987999178,4703.0,"[99, 74, 330, 5, 320, 115, 346, 538, 629, 530, 214, 80, 581, 137, 557, 323, 405, 327, 396, 408, 291, 567, 468, 452, 551, 507, 555, 400, 418, 151, 106, 236, 524, 35, 287, 194, 386, 675, 470, 370, 504, 72, 459, 422, 588, 247, 3, 679, 549, 290, 104, 49, 511, 438, 363, 365, 23, 392, 692, 676, 11, 489, 125, 691, 553, 117, 108, 678, 665, 630]",124,700,70,0.06382978723404255,4700.0,ok,,2
pmed33.txt,pmed33,19.706596056999842,4700.0,"[629, 236, 567, 194, 330, 392, 489, 284, 405, 530, 151, 538, 363, 80, 555, 117, 670, 577, 418, 247, 115, 396, 408, 3, 108, 553, 74, 507, 683, 287, 549, 327, 504, 370, 675, 49, 691, 551, 365, 676, 320, 369, 106, 72, 692, 137, 581, 291, 511, 290, 400, 444, 346, 281, 154, 608, 323, 300, 529, 35, 125, 459, 180, 470, 492, 665, 5, 104, 11, 314]",128,700,70,0.0,4700.0,ok,,3
pmed33.txt,pmed33,20.389081702000112,4700.0,"[400, 74, 588, 346, 683, 5, 511, 468, 629, 676, 675, 18, 80, 104, 408, 291, 117, 396, 692, 422, 236, 162, 194, 567, 392, 630, 691, 405, 679, 330, 530, 489, 549, 115, 665, 418, 538, 459, 553, 287, 137, 557, 3, 314, 323, 151, 247, 290, 11, 320, 555, 23, 72, 327, 370, 35, 49, 452, 504, 363, 125, 577, 470, 670, 108, 507, 678, 453, 214, 365]",133,700,70,0.0,4700.0,ok,,4
pmed33.txt,pmed33,20.490934089999428,4701.0,"[489, 567, 400, 405, 18, 418, 470, 284, 320, 115, 549, 511, 538, 397, 290, 236, 555, 665, 287, 459, 330, 577, 314, 608, 692, 247, 117, 365, 151, 80, 676, 553, 370, 679, 683, 291, 137, 507, 691, 396, 504, 327, 23, 58, 49, 629, 363, 444, 35, 3, 346, 125, 422, 138, 323, 557, 530, 104, 5, 670, 675, 524, 300, 392, 194, 408, 156, 72, 108, 11]",135,700,70,0.02127659574468085,4700.0,ok,,5
pmed34.txt,pmed34,37.10349418700025,3014.0,"[405, 516, 302, 351, 492, 139, 578, 652, 413, 119, 161, 410, 700, 573, 370, 58, 267, 301, 316, 562, 327, 141, 671, 565, 661, 393, 453, 518, 38, 202, 6, 108, 87, 535, 255, 195, 83, 151, 288, 336, 317, 611, 338, 268, 442, 481, 672, 21, 78, 171, 40, 198, 55, 353, 478, 388, 496, 148, 238, 476, 400, 459, 27, 88, 517, 456, 275, 173, 49, 339, 342, 363, 474, 391, 407, 602, 166, 200, 607, 324, 102, 612, 570, 357, 167, 641, 352, 2, 348, 47, 196, 310, 237, 354, 691, 263, 449, 681, 531, 690, 686, 473, 382, 243, 180, 463, 125, 587, 589, 77, 549, 71, 613, 633, 130, 31, 41, 680, 60, 325, 511, 140, 358, 507, 126, 319, 377, 131, 699, 508, 650, 91, 156, 335, 567, 266, 97, 520, 294, 81]",232,700,140,0.03318951211417192,3013.0,ok,,1
pmed34.txt,pmed34,45.94020800399994,3015.0,"[699, 139, 459, 264, 108, 567, 700, 507, 481, 686, 573, 55, 141, 413, 691, 565, 274, 407, 650, 268, 496, 317, 266, 353, 57, 151, 255, 354, 38, 161, 212, 267, 351, 352, 78, 87, 626, 690, 622, 40, 338, 476, 388, 516, 130, 508, 6, 81, 52, 167, 288, 336, 339, 58, 382, 435, 150, 198, 393, 236, 195, 463, 97, 173, 60, 102, 511, 125, 490, 238, 247, 301, 681, 327, 335, 410, 71, 200, 294, 148, 324, 391, 449, 672, 520, 607, 531, 671, 88, 77, 535, 405, 171, 156, 239, 342, 633, 196, 131, 252, 358, 518, 119, 602, 348, 473, 2, 140, 31, 41, 263, 226, 641, 564, 319, 377, 612, 442, 302, 400, 427, 492, 517, 453, 589, 21, 91, 166, 202, 331, 244, 545, 134, 562, 363, 600, 83, 578, 611, 27]",267,700,140,0.06637902422834384,3013.0,ok,,2
pmed34.txt,pmed34,33.336091188000864,3018.0,"[268, 88, 570, 516, 252, 573, 202, 139, 55, 267, 565, 405, 255, 681, 200, 171, 511, 602, 686, 672, 57, 87, 353, 27, 185, 699, 81, 288, 56, 102, 47, 557, 691, 60, 413, 496, 83, 562, 97, 327, 301, 478, 354, 508, 6, 198, 520, 690, 339, 264, 317, 338, 400, 481, 151, 650, 700, 507, 52, 148, 196, 336, 391, 435, 611, 85, 236, 130, 58, 363, 167, 473, 518, 587, 661, 352, 266, 38, 302, 410, 310, 126, 641, 77, 531, 78, 474, 607, 238, 612, 294, 16, 71, 131, 316, 324, 351, 377, 180, 73, 449, 161, 453, 125, 393, 535, 49, 567, 442, 2, 335, 41, 141, 21, 140, 633, 407, 492, 463, 357, 263, 275, 342, 319, 382, 358, 459, 388, 680, 244, 40, 91, 325, 578, 671, 626, 517, 476, 613, 156]",228,700,140,0.1659475605708596,3013.0,ok,,3
pmed34.txt,pmed34,39.483749967999756,3018.0,"[563, 589, 481, 212, 562, 492, 611, 496, 151, 78, 473, 302, 378, 354, 700, 266, 119, 274, 379, 511, 1, 58, 435, 358, 56, 567, 69, 410, 681, 327, 508, 268, 57, 81, 573, 391, 476, 40, 243, 691, 352, 6, 338, 363, 301, 576, 382, 166, 55, 52, 83, 531, 198, 549, 97, 459, 351, 41, 400, 607, 130, 336, 88, 167, 535, 156, 342, 463, 38, 331, 641, 427, 453, 71, 125, 171, 339, 240, 143, 517, 60, 150, 468, 226, 294, 686, 263, 324, 180, 674, 393, 510, 335, 258, 699, 77, 672, 353, 520, 148, 612, 633, 413, 650, 2, 134, 196, 27, 16, 519, 85, 200, 121, 518, 108, 239, 139, 236, 202, 141, 319, 377, 131, 238, 622, 507, 490, 247, 602, 288, 20, 388, 91, 53, 557, 330, 690, 449, 545, 578]",255,700,140,0.1659475605708596,3013.0,ok,,4
pmed34.txt,pmed34,43.77511006900022,3015.0,"[473, 589, 200, 226, 301, 335, 73, 672, 55, 255, 576, 294, 511, 393, 139, 370, 410, 69, 27, 622, 496, 681, 379, 442, 652, 690, 358, 574, 173, 691, 38, 351, 549, 354, 166, 453, 413, 699, 602, 391, 476, 459, 212, 686, 195, 680, 363, 520, 519, 268, 338, 562, 339, 405, 202, 161, 336, 400, 156, 83, 97, 288, 88, 148, 302, 518, 456, 60, 263, 102, 40, 167, 198, 126, 267, 238, 331, 449, 72, 426, 600, 125, 481, 237, 352, 87, 171, 21, 134, 531, 151, 275, 650, 508, 324, 567, 31, 58, 130, 180, 535, 327, 239, 573, 6, 131, 607, 78, 612, 16, 319, 570, 266, 243, 517, 545, 353, 342, 141, 633, 77, 377, 463, 611, 641, 382, 427, 492, 578, 119, 2, 700, 252, 407, 91, 81, 388, 507, 587, 41]",264,700,140,0.06637902422834384,3013.0,ok,,5
pmed35.txt,pmed35,2.264650224999059,10400.0,"[349, 114, 94, 305, 217]",109,800,5,0.0,10400.0,ok,,1
pmed35.txt,pmed35,2.238097323999682,10400.0,"[114, 349, 94, 305, 217]",102,800,5,0.0,10400.0,ok,,2
pmed35.txt,pmed35,2.283256970998991,10400.0,"[349, 94, 114, 305, 217]",101,800,5,0.0,10400.0,ok,,3
pmed35.txt,pmed35,2.2817080240001815,10400.0,"[94, 114, 349, 217, 305]",89,800,5,0.0,10400.0,ok,,4
pmed35.txt,pmed35,2.2751185959987197,10400.0,"[94, 349, 114, 305, 217]",97,800,5,0.0,10400.0,ok,,5
pmed36.txt,pmed36,6.805399275001037,9934.0,"[306, 760, 326, 133, 388, 667, 711, 583, 251, 308]",100,800,10,0.0,9934.0,ok,,1
pmed36.txt,pmed36,5.880546344000322,9934.0,"[583, 306, 326, 388, 133, 308, 667, 711, 251, 760]",82,800,10,0.0,9934.0,ok,,2
pmed36.txt,pmed36,5.087455991000752,9934.0,"[760, 306, 326, 133, 667, 583, 711, 251, 388, 308]",65,800,10,0.0,9934.0,ok,,3
pmed36.txt,pmed36,4.390288399001292,9934.0,"[306, 667, 583, 388, 711, 251, 760, 133, 326, 308]",47,800,10,0.0,9934.0,ok,,4
pmed36.txt,pmed36,4.947750653000185,9934.0,"[133, 760, 326, 388, 667, 583, 308, 711, 251, 306]",65,800,10,0.0,9934.0,ok,,5
pmed37.txt,pmed37,29.773043216000588,5058.0,"[585, 287, 306, 302, 343, 444, 759, 721, 57, 604, 505, 17, 85, 427, 280, 689, 52, 487, 290, 200, 268, 388, 606, 340, 397, 167, 198, 795, 787, 522, 262, 699, 79, 531, 70, 411, 223, 780, 40, 247, 125, 216, 473, 640, 514, 32, 484, 133, 798, 705, 117, 499, 88, 598, 583, 609, 38, 205, 570, 169, 713, 8, 359, 379, 272, 623, 632, 351, 723, 362, 596, 481, 436, 501, 653, 53, 486, 191, 703, 519]",104,800,80,0.019774569903104607,5057.0,ok,,1
pmed37.txt,pmed37,31.223499606001496,5058.0,"[191, 343, 705, 444, 302, 85, 653, 290, 306, 499, 280, 427, 795, 57, 481, 200, 169, 198, 713, 531, 397, 570, 52, 793, 723, 519, 277, 699, 715, 689, 486, 522, 167, 787, 640, 798, 177, 484, 357, 49, 117, 268, 609, 759, 32, 70, 102, 780, 53, 351, 262, 297, 505, 596, 585, 216, 151, 362, 359, 782, 632, 40, 79, 88, 133, 125, 247, 272, 388, 514, 411, 703, 604, 287, 623, 379, 436, 211, 487, 223]",85,800,80,0.019774569903104607,5057.0,ok,,2
pmed37.txt,pmed37,28.126815248999264,5057.0,"[290, 287, 570, 427, 484, 699, 585, 302, 499, 388, 133, 531, 117, 604, 362, 277, 359, 798, 397, 340, 85, 653, 17, 200, 594, 343, 522, 505, 793, 444, 689, 297, 759, 102, 596, 151, 787, 705, 191, 411, 223, 57, 487, 125, 436, 780, 723, 79, 32, 795, 640, 486, 216, 609, 519, 268, 514, 481, 262, 379, 623, 357, 88, 280, 247, 70, 53, 632, 713, 306, 40, 52, 703, 38, 169, 167, 272, 351, 501, 177]",103,800,80,0.0,5057.0,ok,,3
pmed37.txt,pmed37,31.474518564999016,5058.0,"[388, 343, 52, 302, 705, 444, 427, 531, 216, 721, 787, 53, 793, 290, 519, 57, 640, 713, 499, 487, 594, 699, 297, 340, 653, 596, 570, 306, 514, 609, 88, 117, 223, 85, 689, 277, 357, 268, 32, 723, 715, 159, 280, 411, 778, 780, 169, 151, 481, 167, 200, 703, 177, 125, 247, 759, 486, 40, 379, 262, 288, 133, 191, 626, 604, 70, 272, 287, 585, 362, 632, 351, 38, 505, 436, 359, 501, 522, 397, 79]",98,800,80,0.019774569903104607,5057.0,ok,,4
pmed37.txt,pmed37,31.592733663999752,5057.0,"[505, 699, 85, 388, 280, 52, 397, 57, 778, 499, 653, 640, 302, 787, 290, 481, 703, 306, 133, 198, 793, 340, 444, 427, 487, 486, 604, 17, 70, 117, 223, 191, 519, 531, 795, 169, 436, 32, 713, 343, 759, 609, 583, 272, 780, 596, 151, 216, 362, 411, 102, 514, 359, 522, 200, 277, 262, 125, 351, 287, 40, 632, 626, 247, 379, 705, 723, 570, 585, 88, 689, 167, 501, 53, 38, 623, 268, 79, 598, 357]",98,800,80,0.0,5057.0,ok,,5
pmed38.txt,pmed38,3.970394768000915,11060.0,"[487, 737, 732, 810, 754]",115,900,5,0.0,11060.0,ok,,1
pmed38.txt,pmed38,4.0081722760005505,11060.0,"[487, 754, 810, 737, 732]",118,900,5,0.0,11060.0,ok,,2
pmed38.txt,pmed38,3.999872451999181,11060.0,"[732, 487, 754, 810, 737]",110,900,5,0.0,11060.0,ok,,3
pmed38.txt,pmed38,4.005323392999344,11060.0,"[487, 737, 810, 732, 754]",121,900,5,0.0,11060.0,ok,,4
pmed38.txt,pmed38,4.114438656999482,11060.0,"[487, 737, 810, 732, 754]",110,900,5,0.0,11060.0,ok,,5
pmed39.txt,pmed39,5.733539786999245,9423.0,"[324, 473, 778, 114, 87, 121, 244, 594, 47, 810]",51,900,10,0.0,9423.0,ok,,1
pmed39.txt,pmed39,5.807571497000026,9423.0,"[594, 324, 810, 473, 121, 114, 244, 778, 47, 87]",57,900,10,0.0,9423.0,ok,,2
pmed39.txt,pmed39,5.712029139000151,9423.0,"[324, 473, 778, 47, 244, 87, 810, 114, 121, 594]",62,900,10,0.0,9423.0,ok,,3
pmed39.txt,pmed39,5.864237206000325,9423.0,"[121, 810, 594, 324, 473, 47, 114, 778, 87, 244]",58,900,10,0.0,9423.0,ok,,4
pmed39.txt,pmed39,5.834057351999945,9423.0,"[594, 324, 114, 244, 87, 810, 473, 778, 47, 121]",45,900,10,0.0,9423.0,ok,,5
pmed40.txt,pmed40,61.96792362999986,5129.0,"[750, 803, 669, 391, 458, 878, 108, 516, 626, 501, 871, 90, 34, 587, 767, 845, 558, 853, 800, 568, 618, 678, 521, 124, 153, 507, 178, 804, 622, 881, 337, 334, 344, 551, 731, 283, 576, 104, 775, 372, 306, 349, 271, 553, 566, 614, 476, 387, 629, 51, 537, 16, 54, 302, 630, 676, 491, 610, 164, 643, 404, 639, 384, 806, 413, 338, 529, 308, 434, 680, 277, 397, 406, 172, 49, 115, 648, 868, 119, 887, 883, 850, 336, 715, 29, 739, 315, 258, 222, 65]",142,900,90,0.01950078003120125,5128.0,ok,,1
pmed40.txt,pmed40,71.30568029800088,5129.0,"[680, 308, 164, 878, 16, 345, 516, 481, 614, 622, 501, 391, 108, 887, 618, 153, 739, 413, 337, 629, 576, 338, 568, 871, 372, 476, 845, 521, 302, 779, 750, 643, 639, 551, 49, 349, 868, 853, 867, 387, 626, 124, 806, 883, 529, 730, 434, 810, 491, 800, 172, 676, 678, 115, 458, 271, 344, 258, 104, 54, 587, 566, 553, 803, 881, 334, 65, 558, 315, 537, 669, 29, 306, 384, 397, 630, 178, 610, 90, 850, 51, 336, 804, 222, 404, 406, 775, 507, 556, 283]",149,900,90,0.01950078003120125,5128.0,ok,,2
pmed40.txt,pmed40,79.56419283899959,5130.0,"[283, 308, 669, 434, 521, 537, 803, 338, 587, 750, 501, 731, 639, 610, 455, 104, 878, 49, 845, 491, 115, 804, 853, 739, 568, 54, 871, 153, 413, 868, 271, 516, 558, 779, 108, 680, 626, 178, 576, 372, 507, 315, 349, 806, 883, 618, 678, 622, 344, 850, 767, 337, 529, 553, 391, 476, 676, 51, 887, 334, 458, 635, 614, 29, 90, 630, 397, 306, 164, 629, 172, 730, 665, 810, 775, 336, 124, 384, 65, 277, 551, 387, 302, 216, 800, 16, 382, 404, 406, 643]",129,900,90,0.0390015600624025,5128.0,ok,,3
pmed40.txt,pmed40,66.44494837499951,5130.0,"[537, 750, 164, 283, 731, 458, 803, 622, 804, 434, 491, 393, 871, 629, 881, 614, 90, 308, 516, 49, 643, 568, 868, 878, 676, 124, 669, 334, 65, 29, 372, 587, 853, 104, 576, 618, 521, 337, 271, 887, 54, 779, 551, 566, 153, 141, 843, 639, 845, 258, 476, 680, 800, 529, 501, 661, 806, 51, 384, 630, 172, 349, 387, 225, 769, 775, 302, 315, 867, 553, 558, 850, 397, 507, 556, 336, 391, 582, 883, 481, 34, 406, 222, 404, 338, 108, 739, 306, 810, 115]",150,900,90,0.0390015600624025,5128.0,ok,,4
pmed40.txt,pmed40,59.88684944799934,5130.0,"[750, 803, 516, 669, 878, 434, 315, 578, 639, 680, 521, 108, 537, 258, 618, 626, 629, 887, 308, 868, 804, 344, 845, 132, 507, 871, 881, 104, 576, 54, 338, 883, 90, 153, 551, 614, 622, 779, 406, 566, 610, 345, 853, 349, 501, 800, 643, 29, 767, 568, 476, 491, 337, 306, 387, 178, 676, 271, 225, 558, 458, 810, 382, 529, 51, 115, 397, 277, 806, 302, 553, 172, 384, 898, 587, 65, 336, 775, 630, 16, 222, 556, 372, 283, 124, 334, 391, 850, 739, 34]",133,900,90,0.0390015600624025,5128.0,ok,,5
